"1","1","2","12314170_1019170621477942_7343749055559951577_o.jpg","JoeZeeMo","jo","Ngoma","84 Albertina Sisulu Rd, Johannesburg, 2000, South Africa","123","25","0","1","0","0","0","0","0","0","0","0","0","0","male","female","joseph.ngoma@moov.life","$2y$10$nsBvEzsbXSmR1wCijtw/QO/B8lDNJdCifH9gacewhea9RL2/WRWI2","2018-06-01 05:56:45.000000","1","fee92471f3d99960851b19e398c9b1dc3b9f3da2b90894833c8571b8e5b1592e7045d157418ed0154ce3cca754ae78ca74135415f1b22dafbf57546b4ec36240","1"
"2","1","3","rihanna-boyfriend-1.jpg","RiRi","Robyn Rihanna","Fenty","Saint Michael, Barbados","Not Rihanna","29","1","1","1","0","0","0","0","0","0","0","0","0","female","both","246810@mailinator.com","$2y$10$uQxQZlQRQU1NHGp8hHtLxO5/j7NU9nrmfaT29j20yxZuPN5kEFYdC","2018-05-05 11:09:55.737266","1","66abd4d8514f0019a7d2e17f4dbc990d2e68beb48b84221c2d041f7bf38123698d9ad63be9b8a553ed39efe491dc75430b9e54ffdb1d8658368e7417847cc3a1","1"
"3","0","0","medium.1HD8_D-1oa5K7fZmQrxq7hX5QdYIB6XJIiUT0c2OrHA.jpg","Nicki","Onika Tanya","Maraj","Beverly Hills, CA, USA","Not Nicki","35","0","0","1","0","0","0","1","0","0","0","0","0","female","both","24681012@mailinator.com","$2y$10$8jqytI1P2XzU1zVwTBDOUO0A1DVtc5MGU40OP7/FJneWpvDw/qF4u","2018-01-25 20:09:41.503020","1","a58d6bfaafb7e90b1417b9c729863e9967cc6f53c95664a5d5c53dfc2283012b4deba439854260a0e1dea45c771fe3924ccbc7548da7f03dafc56bc164e5b687","1"
"4","1","0","cardiselfie-feat.png","MissB","Belcalis","Almanzar","Bronx, NY, USA","Money moves","25","1","1","1","0","0","0","0","0","0","1","0","0","female","male","missb@mailinator.com","$2y$10$ezs9ctR4WWPUDnMXvYhxuujQCaiW91BpkvCWNQxo2BKoQWOpwX4Ny","2018-05-05 02:37:39.000000","1","f884a55b7f895d18c47538b092a6a3c5ec09e99ed9ff89ffa117a4ed2d661a7af8a5d578074c804e701d14b540264307ceb3c8635bbbf774246b82e9d6b11442","1"
"5","1","0","b656c6da3c4500b07ec65af1e0b8d4b3--chris-hemsworth-selfie.jpg","Thor","Christopher","Hemsworth","Byron Bay NSW 2481, Australia","This drink, I like it! ANOTHER!","34","0","0","0","0","0","0","0","0","0","0","0","0","male","female","ragnarok@mailinator.com","$2y$10$goFmA48RK2saJKW52eVMRuSGUywbxDOkbYMbHtGDBgjPjtffEK2Be","2018-05-05 02:18:05.000000","1","69846f4e500ed59e0f5f50f95c4c7cd14c38e33824f2a65aee094e89db70bcf45a2d0e1166adb22d46f36f04968fcab696a7f0f7d651bc8aa8d34b75a55a48b5","1"
"6","0","0","dd55559c5005c43b708bbdfc76f84dd4--baby-jesus-selfies.jpg","MagicMike","Channing Matthew","Tatum","Cullman, AL, USA","Magic Mike","37","0","0","1","0","0","0","0","0","1","1","0","0","male","female","themagicmike@mailinator.com","$2y$10$oi6iprZ2NLQZ7Xkrr.cjqOwuRtGDsrHXfTrQ2UQBSjbww363DBFYO","2018-01-25 20:21:50.166821","1","40df95f0d1613828bf9cc1b98194215ca445fb2180d5cda39b48fa6357d9939dd2b61a9f35f375588bd6a86032c55afe56dcfc8f34dbdc404d82bc5c11296705","1"
"8","0","0","../uploads/male.png","legoody","Gee",NULL,NULL,"asshole",NULL,"0","0","0","0","0","1","1","0","0","0","0","0","male","female","budas@mailinator.com","$2y$10$Mql4No1LzN/l5qr/8XTGCOGUfxdESx83jWkTbjKmJGj3VLbFXi2VO","2018-01-25 20:47:34.345597","1","58b270e7df5d2e75319ac3360039bc94f9315b1444209555319b2fa1a9dfa2baa338282a592e647b8a342c1e03885e34b11ab51934e21bff327137d8b414f730","1"
"10","0","0","sc-C5rqf.jpg","dicktator","Mushagi","Mayibo","Johannesburg, South Africa","Ladies hit me up.","23","0","0","1","0","0","1","0","0","0","0","0","0","male","both","mynameis@mailinator.com","$2y$10$S6wsI3Qu7CmzXTiLEf60fegBr2FYPGUKfDdBKQgjfi1En8SX1OvB6","2018-01-25 21:00:31.729504","1","e3d2c2794db9bdfacdcec2f0ee2dbea4265c261a4f89c5b7c9bf620b01b532e14ed0a4f3be491aa704743387155c4f9c82aabff7159ddb931eb79d0e3e61c2ae","1"
"11","1","0","The_Thinking_Neanderthal.jpg","fsociety","Fuck","Society","61213 Pixley Ka Isaka Seme St, Marshalltown, Johannesburg, 2107, South Africa","Fuck society","27","1","0","1","1","1","0","1","0","1","1","0","0","male","female","lonwaborarane@gmail.com","$2y$10$iWB1l/na2iS07x3JQZqysuSHJoBj7ZmpO3sGO5eKHMRg9YC3QOI4e","2018-01-26 12:03:52.984133","1","59d61adc09a0ed8598fa3d5025d037df0906ff94341ed14f9fa094d8f08ede3be30941e63454cb6f477e3a4a49eb1a5a0419c67bc901c2d5cf11442646584a03","1"
"12","1","0","../uploads/male.png","anist","Anist","Mampuru","12 Melle St, Johannesburg, 2000, South Africa","WTC Bootcamp, soon student.

Will code you to Orgasm lol","27","0","0","1","1","0","0","0","0","0","0","0","1","male","female","anistplenitud@gmail.com","$2y$10$6pT9T6Tb4/maySqdzK3k0.oa0eTlF7/wwPT9TroRfE6vsBGE9rLc.","2018-02-20 17:05:26.073340","1","dbbf3fb220c3bb604d67409dbefd18f915b34aebd44beb5ef7312b3af5ad84ef428e1eea638de39329660cb5a02149883391594da176334097ab3dabbe8b9c95","1"
"13","1","0","alicia-keys.jpg","Alicia","Alicia Augello","Cook","Hell's Kitchen, New York, NY, USA","Your future Boo","37","0","0","1","1","0","0","0","0","0","1","1","1","female","both","misskeys@mailinator.com","$2y$10$Qyskeb19Jn4lquCI5YrXt.8zbU.u6lE1jdl5ZgFrb1fRM.0VDMQ2.","2018-02-27 17:52:27.355188","1","70a486126cd792fb514f5ce1d53b5ab413a5e9ad12a083158851b318ee8366762d0e1a79537cea1f0000f938abbe2f083154cea29eb682368ead4aee5d800ed7","1"
"14","0","0","../uploads/undefined.png","whatwhat",NULL,NULL,NULL,NULL,NULL,"0","0","0","0","0","0","0","0","0","0","0","0",NULL,"both","gsebarbcewk@gmail.com","$2y$10$aSftzXYmfbTHa95d7nHRcu5AQjlj0qwz2y0fdsN9zAgIKs3N.t0RC","2018-04-15 08:11:45.401916","1","436e4739d9c428f7530da664447d2b09c1dd92920588a7a97ef42bdfcac0ca85faec5a33baa5441b0a304af5a0987c7940d903825ef23316af3f6c26e6f317f0","1"
"15","0","0","../uploads/male.png","Whodat","Whatwhat","Whodat",NULL,"An a very nice person if you give me time to skin you and put salt on your wounds.","21","1","1","1","1","1","1","1","1","1","1","1","1","male","female","abc@home.com","$2y$10$F8sL//oEbRSZXN3B327YT.2kg6Sinh3xwocBlMNDVrTmAc2tyRDLy","2018-04-15 08:17:28.233679","1","1a7b99ae1db6eaa3301d53511b65d1ca908a43e0208e78c4185a6ae5fc0d3a6f015d29b99363b62e9b28665bdc77a9dc68353a60e6edb763d2bb4d60971cb1e8","1"
"16","0","0","download.jpeg","Snow","Claudia Alexandra","Feliciano",NULL,"Snow Tha Product","30","1","0","1","0","0","0","0","0","0","1","0","1","female","male","snow@mailinator.com","$2y$10$4.JTPQJVEvsmJWeoU8/9i.KIyOebQ5YaNPkbnMapGaZ.BXvQws1IG","2018-06-01 14:33:01.929514","1","9f93608187e4a7cfc0059ff919ff77af6c7b6de7fd6bbc1227f1f3e4cbefdee8859a1e406fc03315786a6d0ea02f2919dd9874d31979427930f58e74d45fefd2","1"
"17","0","0","download (1).jpeg","KimK","Kimberly","Kardashian",NULL,"Kardashian","37","0","0","0","0","0","0","0","1","1","1","1","1","female","male","kardash@mailinator.com","$2y$10$WVm9LHfo9yI75qRR9kQyROjmcNI5NFuaZ1kQptsi3PpE3jKajqizG","2018-06-01 14:38:41.760738","1","7180d090ef3487de397d0c900a633f3d32b72390b2536e490a8dfa0249ba4e44a5563be3e7444d12b8d9275762bf87351f00eb906ea533fc60749212d2441e87","1"
"18","0","0","images.jpeg","Beyonce","Beyonc√© Giselle","Knowles Carter",NULL,"Queen","36","0","0","1","1","0","0","0","1","1","1","0","1","female","both","beyonce@mailinator.com","$2y$10$q.oYHoc/HJbQCBg1keO0w.s5fKK3wa8FhYTDpSPE8yPm.fUtMdNxe","2018-06-01 14:41:33.041907","1","5ed4e708f26c84c7e0b92bcf6066e392dd38a8c3a1c766c4892fad4e578c04b08620e53876952796c1817bb3588c805bc6e1a88460af69427c697f8405eacebb","1"
"19","0","0","download (2).jpeg","Jlow","Jennifer Lynn","Lopez",NULL,"The bronx baby","45","1","0","1","1","0","1","0","0","1","0","0","1","female","both","jlow@mailinator.com","$2y$10$7OE.4BuNRNLMS5eysfkcGOJfM9wrAkQADqghLLlFUZSh.MTPiY.9q","2018-06-01 14:44:49.958273","1","5e0af2611a723458fdf5a58cf244bb1cbb28b737fa728933560c5fe902659bdcdc72a739e633441124113cb6b6b260df8e678755cf902a0420b82508f2f40bc6","1"
"20","0","0","download (3).jpeg","TaylorS","Taylor Alison","Swift",NULL,"Swift","28","1","0","0","1","0","0","1","0","0","1","0","0","female","female","taylors@mailinator.com","$2y$10$r3omPR3ID0HeafOV7qVk5O5XHo0inj.oP600KnWVSC0.57zsAWD6K","2018-06-01 14:48:36.562328","1","2cd260563c65530a5a7f59c8162f6ad81ef694d998ae0f9680ae0f3e21b73d5ae4658d1edd203ec48fe9dc8f091c23b5f9986d348960062d3dbbfa9596267136","1"
"21","0","0","download (4).jpeg","EmmaWatson","Emma","Watson",NULL,"harry","28","1","0","0","1","0","0","1","0","0","1","0","0","female","both","watson@mailinator.com","$2y$10$0r.S9cKpaKf5Ri50XefVmOLEWh.Jq1Yzn8i09EHNvXwYmVCQgmjz6","2018-06-01 14:51:28.649534","1","c841b86b4e937e316ddf33029bd7c8791090eb03ae94a4e2b92ca3a6189ccfffe68eaa13b719c7190ba41a4eaa75ee11922e5ecb9614d4ba48917db71bd6ec23","1"
"22","0","0","download (5).jpeg","Ariana","Ariana","Grande-Butera",NULL,NULL,"24","0","0","1","0","1","0","1","0","0","0","1","0","female","both","grande-butera@mailinator.com","$2y$10$o.NqSFPd67as9awiZj1w3.NZVaRoGpvprpFMkwOxoVt5/Y.LHHYIa","2018-06-01 14:53:47.675155","1","d1dd1f510fa33a021a919c84ba0ab15888e54e7ec19c4d406614916d113e87bee9a83ec25493229dcc6e9e78db8f853964557374a408bf3abe0638b71d471116","1"
"23","0","0","download (6).jpeg","Selena","Selena Marie","Gomez",NULL,NULL,"25","1","0","1","1","0","1","1","0","1","0","1","1","female","both","gomez@mailinator.com","$2y$10$cqy5abYZ6MB1lbvVAs8KNeSpo7iUSImAsnO7uzd6DREAE9f4NNIIu","2018-06-01 14:56:27.713254","1","ec84ba023f542feb28fb39f11ac19e9327efce258979036bcd4e1725587ef630a3cbebc0544344603b7d27c3dd2d7f62f50addf624e7acea7b11224342184592","1"
